<?xml version="1.0" ?>
<!-- 管理員清單 -->
<manager-list>
	<manager id="com.asi.manager.config" type="com.asi.common.manager.impl.server.ServerConfigManager">
		<property key="name">系統設定管理員</property>
		<property key="reload">true</property>
	
		<!--
			SUPERVISOR（預設值）
			設定系統之安控管理員為何指定於系統中己設定之使用者代號
		-->
		<property key="SecAdm">FIRSTADMIN</property>
		<!--
			GUEST（預設值）
			用來指定系統所有使用者共用功能之權限於此角色所設定之功能權限
			，可提供給系統中所有使用者使用，不需再針對角色或使用者進行授權
		-->
		<property key="Guest">GUEST</property>
		<!--  6（預設值）設定使用者ID最少需幾位-->
		<property key="uid_limit">6</property>
		<!-- 4（預設值）設定使用者密碼最少需幾位 -->
		<property key="pwd_limit">4</property>
		<!-- 
			1-密碼由系統自動產生並寄送至使用者設定之信箱（預設值）
			2-密碼由Security Administrator
			指定以何種方式產生密碼若選擇由Security Administrator設定密碼時
			，使用者於密碼設定(非自行設定時)後首次登錄時，強迫其變更密碼
			(使用LDAP時此項設定無效)
		-->
		<property key="PwdMethod">2</property>
		<!-- 
			true  – 使用
			false – 不使用（預設值）
			設定是否使用多語言的架構
		-->
		<property key="i18n">false</property>
		<!--
			true – 啟用
			false – 不啟用（預設值）
			是否啟用單次登入，如果啟用時當使用者在NT有登入網域，
			就不會再請使用者做一次密碼檢查，如果不啟用，
			就會請使用都再輸入一次密碼做為驗証
		-->
		<property key="single_sign_on">false</property>
		<!-- 
			0代表不控制
			設定是否對使用者做session的控制，基本原則如下：
			不同電腦使用同一個user id做登入時，是不允許的。
			當session_limit大於一時，表示同一個使用者在
			同一個電腦上可以最多可開啟session_limit數的作業視窗做作業。
		-->
		<property key="session_limit">10</property>
		<!--
			回首頁的 URL 路徑
		-->
		<property key="home">/kyc/mainLayout.jsp</property>
		<!--
			正式登出的 URL 路徑
		-->
		<property key="logout">/kyc/Logout.do</property>
		<!--
			回首頁的 URL 路徑
		-->
		<property key="portal">/kyc/login</property>
		<!--
			鎖鍵盤的功能鍵及滑鼠的右鍵
		-->
		<property key="key_control">N</property>
		<!--
			是否顯示系統錯誤的資訊
		-->
		<property key="error_detail">true</property>
		<!--
			預設全頁查詢時的最大筆數
		-->
		<property key="max_rowcount">240</property>
		<!--
			預設全頁查詢時的每頁筆數
		-->
		<property key="page_rowcount">12</property>
		<!--
				設定SERVER所在地的時差表ID
		-->
		<property key="Server_time">01</property>
		<!--
		預設訊息找不到是否顯示空白字串
		-->
		<property key="msgEmpty">true</property>
		<!-- 
		jasper報表Server 公司員工經由 kycap.firstins.com.tw 進入 KYC 時的report 路徑修改
		-->
		<property key="jasper.report-intra">http://localhost:8080/kycreport</property>
		<!-- 
			Hitrust 參數說明

			storeid: 商家代號
			deposit: 1: Sale交易(授權成功後直接請款), 0: 一般交易 *商家欲使用自動請款交易時,需先經過銀行同意。
			queryflag: 1:詳細訂單資料傳回, 0:簡易訂單資料傳回
			server.updatepath: 加密資料傳回網址
		-->
		<property key="hitrust.storeid">60214</property>
		<property key="hitrust.deposit">0</property>
		<property key="hitrust.queryflag">1</property>
		<property key="hitrust.server.updatepath">http://59.120.210.210:9081</property>
		<!-- 
			Hitrust的授權Server路徑
			正式:https://trustlink.hitrust.com.tw/TrustLink/TrxReq
			測試:https://testtrustlink.hitrust.com.tw/TrustLink/TrxReq
		<property key="hitrust.server.path">https://testtrustlink.hitrust.com.tw/TrustLink/TrxReq</property>
		<property key="hitrust.server.host">testtrustlink.hitrust.com.tw</property>
		-->

		<property key="mail.home">https://www.firstins.com.tw/kyc</property><!-- mail內容連結回首頁的網址 -->
		<property key="hitrust.stopPage">/web/wb1/HITRUSTSTOPTIME_PAGE.html</property><!-- 線上金流暫停服務之PAGE -->
	</manager>
	<manager id="com.asi.manager.userinfo" type="com.asi.kyc.common.manager.UserInfoManager">
		<property key="name">UserInfo異動 管理員,使用者登入後可以將使用者的資訊做調整</property>
	</manager>
	<manager id="com.asi.manager.datasource" type="com.asi.common.manager.impl.DataSourceManager">
		<property key="name">資料來源管理員</property>
		<property key="reload">true</property>
		<property key="count">2</property>
		<property key="datasource0">jdbc/kyc</property>
		<property key="datasource1">jdbc/as400</property>
	</manager>

	<manager id="com.asi.manager.dbo" type="com.asi.common.manager.impl.DBOManager">
		<property key="name">DBO管理員</property>
		<property key="reload">true</property>
		<property key="path">/WEB-INF/dbo</property>       
		<property key="package_prefix">com.asi.dbo.</property>       
	</manager>

	<manager id="com.asi.manager.menu" type="com.asi.common.manager.impl.MenuManager">
		<property key="name">選單功能管理員</property>
		<property key="reload">true</property>
		<property key="usr_dbo">sec.SECAJs01</property>
		<property key="sys_dbo">sec.SECAAs01</property>
		<property key="mod_dbo">sec.SECABs01</property>
		<property key="fun_dbo">sec.SECACs01</property>
		<property key="usr_key">USERID</property>
		<property key="sid_key">SYSTEM</property>
		<property key="mid_key">MODULE</property>
		<property key="fid_key">FUNCTION</property>
		<property key="pwr_key">POWER</property>
		<property key="url_key">URL</property>
		<property key="ctx_key">CONPATH</property>
		<property key="extractor">com.asi.common.security.DefaultMenuExtractor</property>
	</manager>

	<manager id="com.asi.manager.securedata" type="com.asi.common.manager.impl.SecureDataManager">
		<property key="name">權限表管理員</property>
		<property key="reload">true</property>
		<property key="secure_dbo">sec.SECANs10</property>
		<property key="com_dbo">sec.SECAOs10</property>
		<property key="dep_dbo">sec.SECAPs10</property>
		<property key="div_dbo">sec.SECAQs10</property>
	</manager>

	<manager id="com.asi.manager.win" type="com.asi.common.manager.impl.WindowManager">
		<property key="name">自訂/代碼視窗管理員</property>
		<property key="path">/_windows</property>
	</manager>

	<manager id="com.asi.manager.code" type="com.asi.common.manager.impl.server.ServerCodeManager">	   
		<property key="name">代碼管理員</property>
		<property key="reload">true</property>
		<property key="eachTime">60000</property>
		<property key="master_dbo">sec.SECAYt</property>
		<property key="slave_dbo">sec.SECAZt</property>
		<property key="slaveList_dbo">sec.SECAZs02</property>
		<property key="master_fileName">SECAY</property>
		<property key="slave_fileName">SECAZ</property>
	</manager>
	
	<manager id="com.asi.manager.message" type="com.asi.common.manager.impl.MessageManager">
		<property key="name">多國訊息管理員</property>
		<property key="reload">true</property>
		<property key="msg_dbo">sec.SECAMs02</property>
	</manager>

	<!-- 安全管理員 for DB AS400 -->
	<manager id="com.asi.manager.security" type="com.asi.kyc.common.manager.KycDBSecurityManager">

	<!-- 安全管理員 for LDAP (AD) 
	<manager id="com.asi.manager.security" type="com.asi.common.manager.impl.LDAP4AD_DBSecurityManager">
	-->
		<property key="name">安全管理員</property>
		<property key="reload">true</property>
		<!-- LDAP不使用
			true/false
			設定Admin是否要做密碼錯誤次數控制
		-->
		<property key="admin_limitControl">false</property>
		<!-- LDAP不使用
			0代表不控制
			密碼最多可以輸入錯誤次數，超過使用者就被停用
		-->
		<property key="error_limit">5</property>
		<!-- LDAP不使用
			0代表不控制
			密碼變更時，在幾次內不可設定已使用過的密碼
		-->
		<property key="repeat_limit">3</property>
		<!-- LDAP不使用
			0代表不控制
			密碼多少天要換密碼，在超過天數時登入會強迫使用者變更密碼後才可以使用
		-->
		<property key="expire_limit">0</property>
		<!-- LDAP不使用
			2 - 西元年
			提供密碼變更時所使用的日期格式
		-->
		<property key="DateType">2</property>
		<!-- LDAP不使用
			YYYYMMDD
			提供密碼變更時所使用的日期格式
		-->
		<property key="DateFormat">YYYYMMDD</property>
		<!-- 這是ldap所需要的參數
		<property key="provider_url">ldap://192.168.1.114:389</property>
		<property key="domain">test.com.tw</property>
		-->
	</manager>

	<manager id="com.asi.manager.user" type="com.asi.kyc.common.manager.UserManagerWithDB">
		<property key="name">使用者管理員</property>
		<property key="path">/sessions</property>
		<property key="ejb_jndi">ejb/UserManager</property>
	</manager>
</manager-list>
